Principal Component	cumulative variance explained
PC1	0.535968177687654
PC2	0.651198024224915
PC3	0.688573002223942
PC4	0.721706513584657
PC5	0.738724111447259
