Principal Component	cumulative variance explained
PC1	0.218668288534673
PC2	0.381516913978744
PC3	0.446312471700543
PC4	0.49862910452827
PC5	0.526129591486157
