Principal Component	cumulative variance explained
PC1	0.221498959514109
PC2	0.401466795588395
PC3	0.461965892500508
PC4	0.51359517447216
PC5	0.540318478249624
