Principal Component	cumulative variance explained
PC1	0.719613257054696
PC2	0.778752014167953
PC3	0.818469460904513
PC4	0.840750812307368
PC5	0.859417961468562
