Principal Component	cumulative variance explained
PC1	0.719195490028333
PC2	0.778441415090079
PC3	0.818254325770668
PC4	0.840513867481337
PC5	0.859185095462936
