Principal Component	cumulative variance explained
PC1	0.566067468113633
PC2	0.659907596480561
PC3	0.715506748965104
PC4	0.756431911267807
PC5	0.785072638756046
