Principal Component	cumulative variance explained
PC1	0.218726363691638
PC2	0.381571003382186
PC3	0.446446009335291
PC4	0.498754044261779
PC5	0.526278795431108
