Principal Component	cumulative variance explained
PC1	0.643553803255725
PC2	0.75185071203084
PC3	0.797812363918736
PC4	0.820004655365133
PC5	0.8382113999406
