Principal Component	cumulative variance explained
PC1	0.563109512056118
PC2	0.656474974893193
PC3	0.712575808570986
PC4	0.753517289646143
PC5	0.782092109886793
