Principal Component	cumulative variance explained
PC1	0.535603866969345
PC2	0.651031074010261
PC3	0.688416375086289
PC4	0.721565328849104
PC5	0.738576444935881
