Principal Component	cumulative variance explained
PC1	0.238368049353571
PC2	0.370181339219669
PC3	0.435996104307166
PC4	0.486643920868974
PC5	0.516392902732684
