Principal Component	cumulative variance explained
PC1	0.64331957608224
PC2	0.751744198021767
PC3	0.797718070379041
PC4	0.81987379920512
PC5	0.838091806794775
