Principal Component	cumulative variance explained
PC1	0.534857479663515
PC2	0.647655030805677
PC3	0.684360488879948
PC4	0.717332073871017
PC5	0.734873202789474
