Principal Component	cumulative variance explained
PC1	0.534516911086129
PC2	0.647483735366384
PC3	0.684202498446857
PC4	0.717176853931279
PC5	0.734709417928961
