Principal Component	cumulative variance explained
PC1	0.237965511035396
PC2	0.3699417171876
PC3	0.435803905195611
PC4	0.486459091188161
PC5	0.516211496672587
