Principal Component	cumulative variance explained
PC1	0.56636882225646
PC2	0.660153018484501
PC3	0.715676021912042
PC4	0.756585982088227
PC5	0.785198449823178
