Principal Component	cumulative variance explained
PC1	0.221525601492806
PC2	0.401550674445085
PC3	0.461953932860628
PC4	0.513577212610772
PC5	0.540286690702352
