Principal Component	cumulative variance explained
PC1	0.563497771389573
PC2	0.656798461140344
PC3	0.712814404758625
PC4	0.753738041186644
PC5	0.782282742965279
