Principal Component	cumulative variance explained
PC1	0.446305977755825
PC2	0.54488026746902
PC3	0.594032207804947
PC4	0.62014300735656
PC5	0.638256232057372
