Principal Component	cumulative variance explained
PC1	0.279016191508999
PC2	0.374962969165165
PC3	0.439168567211033
PC4	0.479149533762764
PC5	0.502220141029585
