Principal Component	cumulative variance explained
PC1	0.863421693552575
PC2	0.93262433003629
PC3	0.960446724962493
PC4	0.969332085157842
PC5	0.973761990868359
