Principal Component	cumulative variance explained
PC1	0.863457420165437
PC2	0.93265572326637
PC3	0.960465907040871
PC4	0.969350416061673
PC5	0.973776614346316
