Principal Component	cumulative variance explained
PC1	0.414466488794187
PC2	0.57389453569493
PC3	0.661469511348125
PC4	0.729904689319816
PC5	0.768757852366813
