Principal Component	cumulative variance explained
PC1	0.356229259592836
PC2	0.493353569248797
PC3	0.586545002248656
PC4	0.65007740569024
PC5	0.69321628254821
