Principal Component	cumulative variance explained
PC1	0.356119356432109
PC2	0.493345308018337
PC3	0.586422070551057
PC4	0.649919356791546
PC5	0.693060416884434
