Principal Component	cumulative variance explained
PC1	0.414714065333539
PC2	0.574202823363504
PC3	0.661649921386675
PC4	0.729941089418135
PC5	0.7687751656184
