Principal Component	cumulative variance explained
PC1	0.27895778917934
PC2	0.374894351575738
PC3	0.439115251526305
PC4	0.479085706788835
PC5	0.502166854445793
