Principal Component	cumulative variance explained
PC1	0.853318861287836
PC2	0.93122429220467
PC3	0.963200805680526
PC4	0.971857023490957
PC5	0.975229423471802
