Principal Component	cumulative variance explained
PC1	0.853377715817386
PC2	0.931245545548363
PC3	0.963217433698452
PC4	0.971870926061195
PC5	0.975240407976156
