Principal Component	cumulative variance explained
PC1	0.44629634761757
PC2	0.544863765262412
PC3	0.593986188490653
PC4	0.620096524164796
PC5	0.638200810741853
